title,image_url,original_url,created_at
El día que Hugo Chávez se enquistó en Venezuela,https://cloudfront-us-east-1.images.arcpublishing.com/elcomercio/6HDPDJLYVRE6HK5ZVSVDZRCBD4.jpg,https://elcomercio.pe/mundo/latinoamerica/el-dia-que-hugo-chavez-se-enquisto-en-venezuela-historias-ec-megaelecciones-nicolas-maduro-dictadura-noticia/,2022-07-29 17:17:07.566
"Volkswagen Escarabajo, el auto que impulsó Hitler y fue despedido entre mariachis",https://cloudfront-us-east-1.images.arcpublishing.com/elcomercio/DUMKLHYOSNHAXGP5FF2EDBUCVY.JPG,https://elcomercio.pe/mundo/actualidad/volkswagen-escarabajo-el-auto-que-paso-de-ser-impulsado-por-adolf-hitler-a-convertirse-en-favorito-de-los-hippies-beetle-ferdinand-porsche-nazis-noticia/,2022-07-29 17:17:07.566
Noah Schnapp en Perú: el actor de “Stranger Things” en fotos exclusivas desde la Comic Con Latin-America,https://cloudfront-us-east-1.images.arcpublishing.com/elcomercio/SMKM5LQ2KVHQNFI63EOCZYISCA.jpg,https://elcomercio.pe/tvmas/famosos/noah-schnapp-en-peru-el-actor-de-stranger-things-en-fotos-exclusivas-desde-la-comic-con-latin-america-noticia/,2022-07-29 17:17:07.566
Declaran a la danza Kawrinus como Patrimonio Cultural de la Nación ,https://cloudfront-us-east-1.images.arcpublishing.com/elcomercio/7PSOLL6P4ZCR5GY5SPOCAXYOYI.jpg,https://elcomercio.pe/lima/sucesos/declaran-a-la-danza-kawrinus-como-patrimonio-cultural-de-la-nacion-ministerio-de-cultura-rmmn-noticia/,2022-07-29 17:17:07.566
"For Honor está gratis por una semana en PS4, PS5 y PC",https://cloudfront-us-east-1.images.arcpublishing.com/elcomercio/VABP3DD52FDR5JBVI36WG6OPB4.jpg,https://elcomercio.pe/tecnologia/ubisoft-a-partir-de-hoy-for-honor-esta-gratis-por-una-semana-en-ps4-ps5-y-pc-videojuegos-steam-epic-games-store-playstation-ofertas-ofertas-espana-mexico-usa-noticia/,2022-07-29 17:17:07.566
Apollo RT6: el carro eléctrico autónomo y con volante desmontable del “Google chino” |  VIDEO,https://cloudfront-us-east-1.images.arcpublishing.com/elcomercio/QT4BV53MZFGANNIEAOMRJYJV74.jpg,https://elcomercio.pe/tecnologia/actualidad/apollo-rt6-el-auto-electrico-autonomo-y-sin-volante-de-el-google-chino-video-electromovilidad-autos-electricos-baidu-noticia/,2022-07-29 17:17:07.566
WhatsApp: aprende a voltear el texto de tus mensajes con este truco,https://cloudfront-us-east-1.images.arcpublishing.com/elcomercio/7HSTFLIB4NAIRJ6WLJVY4Z3O2E.jpg,https://elcomercio.pe/tecnologia/redes-sociales/celulares-trucos-redes-sociales-whatsapp-aprende-a-voltear-el-texto-de-tus-mensajes-con-este-truco-espana-mexico-usa-noticia/,2022-07-29 17:17:07.566
Noah Schnapp llegó al Perú: hizo ‘sandboard’ con su mamá en Ica y lo compartió en Instagram,https://cloudfront-us-east-1.images.arcpublishing.com/elcomercio/2RMLSXFVOZBOPJX4PKR4ZDMJRI.jpg,https://elcomercio.pe/saltar-intro/noticias/noah-schnapp-llego-al-peru-e-hizo-turismo-con-su-mama-en-ica-compartio-estas-fotos-y-videos-en-instagram-noticia/,2022-07-29 17:17:07.566
Erling Haaland: una inusual presentación sin gol opacado por delanteros sudamericanos,https://cloudfront-us-east-1.images.arcpublishing.com/elcomercio/XHL7TUNC6VGVDMLUJK7EFLYIKI.jpg,https://elcomercio.pe/deporte-total/futbol-mundial/erling-haaland-una-inusual-presentacion-sin-gol-con-el-manchester-city-opacado-por-darwin-nunez-y-julian-alvarez-liverpool-vs-city-final-community-shield-2022-rmmd-dtccc-noticia/,2022-07-29 17:17:07.566
Goles de Sadio Mané y Jamal Musiala para el 2-0 de Bayern Múnich vs. Leipzig | VIDEO,https://cloudfront-us-east-1.images.arcpublishing.com/elcomercio/OK23GXSEGJB4JGBO3YWDBXYXEU.jpg,https://elcomercio.pe/deporte-total/futbol-mundial/goles-bayern-munich-vs-leipzig-gol-sadio-mane-y-jamal-musiala-en-vivo-para-el-2-0-de-bayern-munich-por-supercopa-de-alemania-2022-video-rmmd-noticia/,2022-07-29 17:17:07.566
Efemérides del 30 de julio: Entérate que pasó en el mundo un día como hoy,https://cloudfront-us-east-1.images.arcpublishing.com/elcomercio/BNZ73AEI55EDFAI43PYXVDTMQQ.jpg,https://elcomercio.pe/mundo/actualidad/efemerides-del-30-de-julio-esto-paso-en-el-mundo-un-dia-como-hoy-volkswagen-escarabajo-puebla-mexico-tdex-noticia/,2022-07-29 17:17:07.566
"Joe Biden da positivo nuevamente a la COVID-19, aunque “se siente bien”",https://cloudfront-us-east-1.images.arcpublishing.com/elcomercio/TFD4VACBZJC4JGDNTNHOAIZOQ4.jpg,https://elcomercio.pe/mundo/eeuu/coronavirus-joe-biden-da-positivo-nuevamente-a-covid-19-y-regresa-al-aislamiento-estados-unidos-rmmn-noticia/,2022-07-29 17:17:07.566
"GTA VI: todo lo que se sabe sobre el nuevo título de Rockstar [personajes, plataformas y fecha de lanzamiento]",https://cloudfront-us-east-1.images.arcpublishing.com/elcomercio/YIYQY7CZDZGETERFOUQK6TTPQQ.jpg,https://elcomercio.pe/tecnologia/videojuegos/videojuegos-gta-vi-todo-lo-que-se-sabe-sobre-el-nuevo-titulo-de-rockstar-personajes-mapas-y-fecha-de-lanzamiento-noticia/,2022-07-29 17:17:07.566
Cristiano Ronaldo jugará ante Rayo Vallecano: Erik ten Hag confirmó la convocatoria de ‘CR7’,https://cloudfront-us-east-1.images.arcpublishing.com/elcomercio/ZYFTUBHTDFF6BMTAOSB2YEGEEM.jpg,https://elcomercio.pe/deporte-total/futbol-mundial/cristiano-ronaldo-en-manchester-united-vs-rayo-vallecano-cr7-volvera-a-jugar-segun-confirmo-el-entrenador-erik-ten-hag-premier-league-rmmd-noticia/,2022-07-29 17:17:07.566
"Temblor en México, hoy: Consulta aquí la última actividad sísmica reportada este, sábado 30 de julio del 2022",https://cloudfront-us-east-1.images.arcpublishing.com/elcomercio/KU6PSVLF2BGZZPLOPOYOGXPSDA.jpg,https://elcomercio.pe/respuestas/temblor-en-mexico-revise-aqui-la-ultima-actividad-sismica-reportada-hoy-sabado-30-de-julio-sismo-en-mexico-rmmn-tdex-noticia/,2022-07-29 17:17:07.566
"Temblor en Chile, hoy sábado 30 de julio del 2022: Revisa  el registro de movimientos telúricos aquí",https://cloudfront-us-east-1.images.arcpublishing.com/elcomercio/BYFNCEDLJ5EJ5MGZINFFJSWTTE.png,https://elcomercio.pe/respuestas/temblor-en-chile-hoy-sabado-30-de-julio-revisa-el-registro-de-movimientos-teluricos-aqui-sismo-en-chile-csn-sismologia-chi-temblores-revtli-tdex-noticia/,2022-07-29 17:17:07.566
"Sismos de hoy en Perú, según el IGP: link del registro de movimientos de hoy, sábado 30 de julio",https://cloudfront-us-east-1.images.arcpublishing.com/elcomercio/3BP26IDCOJB4PAGKR44GM3IXCY.jpg,https://elcomercio.pe/peru/sismo-en-vivo-hoy-en-peru-segun-el-igp-link-del-registro-de-movimientos-de-hoy-sabado-30-de-julio-temblor-en-peru-sismos-en-lima-tdex-rmmn-noticia/,2022-07-29 17:17:07.566
"Cuánto vale el dólar en Chile: revise el tipo de cambio para hoy, sábado 30 de julio del 2022",https://cloudfront-us-east-1.images.arcpublishing.com/elcomercio/RRC5Q2DIGBFY7GMVEA5VAYZNWE.jpg,https://elcomercio.pe/economia/mercados/cuanto-vale-el-dolar-en-chile-tipo-de-cambio-hoy-sabado-30-de-julio-de-2022-dolar-de-hoy-valor-dolar-a-peso-chileno-banco-central-tdex-rmmn-noticia/,2022-07-29 17:17:07.566
Corte de luz en Lima este sábado 30 y domingo 31 de julio: Revisa aquí los horarios y zonas,https://cloudfront-us-east-1.images.arcpublishing.com/elcomercio/O4DIFZGX25FZHH24EYGHBYVMZI.jpg,https://elcomercio.pe/lima/sucesos/corte-de-luz-en-lima-y-callao-distritos-zonas-y-horarios-donde-se-suspendera-el-servicio-del-25-al-31-de-julio-video-enel-fiestas-patrias-rmmn-noticia/,2022-07-29 17:17:07.566
El juego de terror que da tanto miedo que 1 de cada 10 jugadores no pasa de la primera escena,https://cloudfront-us-east-1.images.arcpublishing.com/elcomercio/OVBJ6NUNOBFXPMTKEXBQAFAAIE.jpeg,https://elcomercio.pe/tecnologia/e-sports/resident-evil-7-el-juego-de-terror-que-da-tanto-miedo-que-1-de-cada-10-jugadores-no-pasa-del-primer-video-noticia/,2022-07-29 17:17:07.566
Todas las sesiones del Parlamento de Irak fueron suspendidas tras ocupación de manifestantes,https://cloudfront-us-east-1.images.arcpublishing.com/elcomercio/ECES6QLBONH2XDHCI3FK2IKJJI.jpg,https://elcomercio.pe/mundo/oriente-medio/irak-muqtada-al-sadr-suspendidas-todas-las-sesiones-del-parlamento-tras-ocupacion-de-manifestantes-rmmn-noticia/,2022-07-29 17:17:07.566
Carretera Central: perro permanece junto a sus dueños fallecidos tras fatal accidente en tramo Tarma-Chanchamayo,https://cloudfront-us-east-1.images.arcpublishing.com/elcomercio/SNF4LPARCVG6RCMCFPT7UB7PXY.jpg,https://elcomercio.pe/lima/carretera-central-perro-permanece-junto-a-sus-duenos-fallecidos-tras-fatal-accidente-en-tramo-tarma-chanchamayo-rmmn-noticia/,2022-07-29 17:17:07.566
"Horóscopo de hoy, sábado 30 de julio del 2022: consulta las predicciones para tu signo del zodiaco",https://cloudfront-us-east-1.images.arcpublishing.com/elcomercio/6T5VR63ZIVHVHIZXGIZCSUVBCM.jpg,https://elcomercio.pe/luces/vida-social/horoscopo-de-hoy-sabado-30-de-julio-del-2022-consulta-las-predicciones-para-tu-signo-del-zodiaco-futuro-aries-tauro-geminis-cancer-leo-virgo-libra-escorpio-sagitario-capricornio-acuario-piscis-noticia/,2022-07-29 17:17:07.566
"Precio del dólar hoy en México: Sepa en cuánto está el tipo de cambio este, sábado 30 de julio del 2022",https://cloudfront-us-east-1.images.arcpublishing.com/elcomercio/QCEUMPLDXFEJ5NBY3MNXGM43XE.jpg,https://elcomercio.pe/economia/mercados/precio-del-dolar-hoy-en-mexico-sepa-en-cuanto-esta-el-tipo-de-cambio-para-hoy-sabado-30-de-julio-del-2022-dof-dolar-a-pesos-mexicanos-sie-citibanamex-tdex-rmmn-noticia/,2022-07-29 17:17:07.566
"Dólar de hoy en Colombia: consulte el tipo de cambio este, sábado 30 de julio",https://cloudfront-us-east-1.images.arcpublishing.com/elcomercio/K2OFSZBLOVC6XM55BIEOUEXYQU.jpg,https://elcomercio.pe/economia/mercados/dolar-hoy-colombia-cual-es-el-tipo-de-cambio-y-peso-colombiano-para-este-sabado-30-de-julio-dolar-estadounidense-a-peso-colombiano-trm-tdex-rmmn-noticia/,2022-07-29 17:17:07.566
"Dólar blue 2022 en Argentina: Revisa aquí el tipo de cambio para hoy, sábado 30 de julio del 2022",https://cloudfront-us-east-1.images.arcpublishing.com/elcomercio/XVGRJSOH3FHI3FMZ45ZMDZH2DU.jpg,https://elcomercio.pe/economia/mercados/dolar-blue-2022-en-argentina-revisa-aqui-el-tipo-de-cambio-para-hoy-sabado-30-de-julio-dolar-blue-hoy-dolar-turista-dolar-a-peso-argentino-banco-central-tdex-noticia/,2022-07-29 17:17:07.566
"DolarToday Venezuela Hoy, sábado 30 de julio del 2022: conoce el precio de compra y venta",https://cloudfront-us-east-1.images.arcpublishing.com/elcomercio/VH3FSUFXDVFRPFXYQZ7W2NF2RQ.jpg,https://elcomercio.pe/economia/mercados/dolartoday-y-monitor-dolar-venezuela-hoy-cual-es-el-precio-de-compra-y-venta-hoy-sabado-30-de-julio-de-2022-bcv-venezuela-bdv-dolar-paralelo-rmmn-noticia/,2022-07-29 17:17:07.566
Noah Schnapp en Perú: así fue su llegada al aeropuerto Jorge Chávez | VIDEO,https://cloudfront-us-east-1.images.arcpublishing.com/elcomercio/X73C42O3RJA5ZC3PNPH3FODDCA.jpg,https://elcomercio.pe/tvmas/famosos/noah-schnapp-en-peru-asi-fue-su-llegada-al-aeropuerto-jorge-chavez-video-stranger-things-comic-con-lima-comic-convention-latin-america-celebs-rmmn-noticia/,2022-07-29 17:17:07.566
Devastadoras inundaciones dejan al menos 25 muertos en Kentucky,https://cloudfront-us-east-1.images.arcpublishing.com/elcomercio/BNPSKLRGHVEAZCLW5WUMISTQYM.jpg,https://elcomercio.pe/mundo/eeuu/kentucky-estados-unidos-devastadoras-inundaciones-dejan-al-menos-25-muertos-rmmn-noticia/,2022-07-29 17:17:07.566
Programación y calendario de la Liga BetPlay 2022 - jornada 5,https://cloudfront-us-east-1.images.arcpublishing.com/elcomercio/RJOMVUG5ORHANHRQJPUZGC6YVM.png,https://elcomercio.pe/deporte-total/futbol-mundial/calendario-y-programacion-de-la-liga-betplay-colombia-para-la-jornada-5-tabla-de-posiciones-rmmd-dtbn-co-noticia/,2022-07-29 17:17:07.566
Liga Profesional Argentina 2022: programación de la fecha 11,https://cloudfront-us-east-1.images.arcpublishing.com/elcomercio/C4VRBPGDTFCAVKT2GB5CC3OJWE.jpg,https://elcomercio.pe/deporte-total/futbol-mundial/liga-profesional-argentina-2022-fecha-11-fixture-partidos-de-hoy-horarios-resultados-y-posiciones-de-la-copa-de-la-liga-argentina-con-boca-juniors-y-river-plate-video-rmmd-dtbn-ar-noticia/,2022-07-29 17:17:07.566
"Precio dólar en Perú: Cuál es el tipo de cambio hoy, sábado 30 de julio del 2022",https://cloudfront-us-east-1.images.arcpublishing.com/elcomercio/4B4ATKTXTFB6TEDA6HLRX2R7UA.jpg,https://elcomercio.pe/economia/mercados/precio-dolar-peru-tipo-de-cambio-hoy-sabado-30-de-julio-dolares-a-soles-dolar-de-hoy-sunat-tdex-rmmn-noticia/,2022-07-29 17:17:07.566
¡Elimínalas ya! Alertan de nuevas apps en Android que incluso podrían usar tus datos bancarios,https://cloudfront-us-east-1.images.arcpublishing.com/elcomercio/IHOPVIZ5EJBQTOEAGXYFSMVQOA.jpg,https://elcomercio.pe/tecnologia/actualidad/apps-alertan-de-nuevas-aplicaciones-en-android-que-incluso-podrian-usar-tus-datos-bancarios-celulares-espana-mexico-colombia-noticia/,2022-07-29 17:17:07.566
Estaba solo: para no creer el gol que Erling Haaland falló en el Liverpool vs. Manchester City | VIDEO,https://cloudfront-us-east-1.images.arcpublishing.com/elcomercio/FXPUSLZCNVCZLJ25DERZTU4QJM.jpg,https://elcomercio.pe/deporte-total/futbol-mundial/erling-haaland-fallo-gol-en-liverpool-vs-manchester-city-el-insolito-fallo-de-haaland-en-el-partido-de-community-shield-video-rmmd-noticia/,2022-07-29 17:17:07.566
Abogado de Pedro Castillo: “No puede ser que una fiscal defina quiénes son los miembros de un equipo especial policial” ,https://cloudfront-us-east-1.images.arcpublishing.com/elcomercio/XPHJGRPX4VG35MB3IM72W3OSJA.jpeg,https://elcomercio.pe/politica/benji-espinoza-abogado-de-pedro-castillo-no-puede-ser-que-una-fiscal-defina-quienes-son-los-miembros-de-un-equipo-especial-policial-marita-barreto-harvey-colchado-rmmn-noticia/,2022-07-29 17:17:07.566
Índices económicos del Perú tras un año del gobierno de Pedro Castillo: en qué estado se encuentra el país,https://cloudfront-us-east-1.images.arcpublishing.com/elcomercio/Y2AZIYQG5RED5DFHOSNR3R36WE.jpg,https://elcomercio.pe/economia/fiestas-patrias-indices-economicos-del-peru-tras-un-ano-del-gobierno-de-pedro-castillo-en-que-estado-se-encuetra-el-pais-como-se-encuentra-la-economia-peruana-informe-28-de-julio-inversion-inflacion-tipo-de-cambio-precio-del-dolar-canasta-basica-noticia/,2022-07-29 17:17:07.566
Gol de Darwin Núñez: aseguró el primer título de Liverpool en su debut ante City | VIDEO,https://cloudfront-us-east-1.images.arcpublishing.com/elcomercio/E5VTHRF2VFFXTMKSBG6DAZC354.jfif,https://elcomercio.pe/deporte-total/futbol-mundial/gol-de-darwin-nunez-hoy-3-1-en-partido-liverpool-vs-manchester-city-final-de-la-community-shield-ver-golazo-de-darwin-nunez-video-rmmd-noticia/,2022-07-29 17:17:07.566
"La Academia hoy: horario, quién será expulsado y dónde ver los conciertos en vivo",https://cloudfront-us-east-1.images.arcpublishing.com/elcomercio/U7U5PHBARVHKTF7NDFWZD4XER4.jpg,https://elcomercio.pe/tvmas/la-academia-2022-en-vivo-por-azteca-uno-hoy-programa-completo-donde-ver-online-los-conciertos-y-quien-sera-eliminado-como-votar-votaciones-jueces-mexico-mx-lbposting-cdmx-noticia/,2022-07-29 17:17:07.566
Hoy puede ser un buen día,https://cloudfront-us-east-1.images.arcpublishing.com/elcomercio/MCS4IA3XCFGHDKUG6L4XHAUAC4.jpeg,https://elcomercio.pe/somos/firmas/dia-de-la-amistad-hoy-puede-ser-un-buen-dia-amigos-historias-ec-feria-del-libro-noticia/,2022-07-29 17:17:07.566
Lo provocó Darwin Núñez: Salah cambió penal por gol para el 2-1 del Liverpool vs. Manchester City | VIDEO,https://cloudfront-us-east-1.images.arcpublishing.com/elcomercio/NRHOXHH62RAZBIYQNRVN56KHBA.jpg,https://elcomercio.pe/deporte-total/futbol-mundial/gol-salah-hoy-goles-liverpool-vs-manchester-city-hoy-gol-de-salah-para-el-2-1-tras-penal-provocado-por-darwin-nunez-video-rmmd-uruguay-uy-noticia/,2022-07-29 17:17:07.566
Fiestas Patrias: ¿cómo participar del guiado temático en los Pantanos de Villa este fin de semana? ,https://cloudfront-us-east-1.images.arcpublishing.com/elcomercio/V6IBUKCBXZCSRD55QG7SQ5X5RE.jpg,https://elcomercio.pe/lima/sucesos/fiestas-patrias-2022-como-participar-del-guiado-tematico-patrio-en-los-pantanos-de-villa-este-fin-de-semana-chorrillos-feriado-largo-30-31-de-julio-rmmn-noticia/,2022-07-29 17:17:07.566
Disney Dreamlight Valley: nuevo gameplay revela detalles del simulador de vida gratuito de Disney (VIDEO),https://cloudfront-us-east-1.images.arcpublishing.com/elcomercio/T2227KSGQVBZBBJPJTILZLJRKE.jpg,https://elcomercio.pe/tecnologia/videojuegos/videojuegos-disney-dreamlight-valley-nuevo-gameplay-revela-detalles-del-simulador-de-vida-gratuito-de-disney-video-espana-mexico-usa-noticia/,2022-07-29 17:17:07.566
"Temblor en Colombia hoy, sábado 30 de julio: Revisa el reporte de movimientos aquí",https://cloudfront-us-east-1.images.arcpublishing.com/elcomercio/CNMPUU4ORNBTJML2OBVAXMQRFM.jpg,https://elcomercio.pe/respuestas/temblor-en-colombia-hoy-sabado-30-de-julio-revisa-aqui-el-reporte-de-movimientos-sismo-en-colombia-rmmn-tdex-noticia/,2022-07-29 17:17:07.566
Gol de Julián Álvarez en su debut: anotó el 1-1 del Manchester City vs. Liverpool | VIDEO,https://cloudfront-us-east-1.images.arcpublishing.com/elcomercio/BYR5FCPK4ZBUFJ3GS2SV6XQSZY.jfif,https://elcomercio.pe/deporte-total/futbol-mundial/gol-de-julian-alvarez-hoy-en-manchester-city-vs-liverpool-en-la-final-de-la-community-shield-ver-golazo-de-julian-alvarez-video-rmmd-noticia/,2022-07-29 17:17:07.566
Economía peruana: continuamos a la deriva,https://cloudfront-us-east-1.images.arcpublishing.com/elcomercio/QMJJUTNWSBBHXGSLRNP2PDO35M.jpg,https://elcomercio.pe/economia/opinion/economia-peruana-continuamos-a-la-deriva-por-juan-jose-marthans-opinion-noticia/,2022-07-29 17:17:07.566
Lotería de Boyacá de hoy: sorteo en vivo y resultados de los secos del sábado 30 de julio,https://cloudfront-us-east-1.images.arcpublishing.com/elcomercio/FMUKAMYN4BA4ZLNUM2XPPQBEIM.jpg,https://elcomercio.pe/respuestas/loteria-de-boyaca-en-vivo-resultados-numero-ganador-premios-del-sorteo-4426-del-sabado-30-de-julio-boyalotto-online-horario-loterias-de-colombia-revtli-tdex-lbposting-co-noticia/,2022-07-29 17:17:07.566
Sorteo Superior 2731: resultados y lista de números ganadores de la Lotería Nacional del viernes 29 de julio [VIDEO],https://cloudfront-us-east-1.images.arcpublishing.com/elcomercio/Z5FLFAFQRBEC3GNZUAWGUOJG6E.jpg,https://elcomercio.pe/respuestas/sorteo-superior-en-vivo-resultados-de-la-loteria-nacional-2731-numeros-premio-mayor-ganadores-del-viernes-29-de-julio-youtube-lotenal-pronosticos-loterias-de-mexico-estados-unidos-eeuu-lbposting-cdmx-mx-noticia/,2022-07-29 17:17:07.566
Puertos USB en tu televisor: cinco usos que le puedes dar si no sabes por qué están ahí,https://cloudfront-us-east-1.images.arcpublishing.com/elcomercio/FZTQUWUENNEFTIQAPWX7QVGIWM.jpg,https://elcomercio.pe/tecnologia/actualidad/puertos-usb-del-televisor-cinco-usos-para-que-les-saques-provecho-espana-mexico-colombia-noticia/,2022-07-29 17:17:07.566
Resultados de la Lotería de Santander y Risaralda: números ganadores del viernes 29 de julio [VIDEO],https://cloudfront-us-east-1.images.arcpublishing.com/elcomercio/5RSXEXOMRBCEHBFBHDVRMXTC2M.jpg,https://elcomercio.pe/respuestas/loteria-de-santander-y-risaralda-en-vivo-resultados-sorteos-y-secos-ganadores-del-viernes-29-de-julio-de-2022-estadisticas-colombia-co-revtli-tdex-lbposting-noticia/,2022-07-29 17:17:07.566
De #SuarezANacional a #GalleseALeicester: ¿De qué trata la campaña en Twitter que sueña con llevar al peruano a la Premier League?,https://cloudfront-us-east-1.images.arcpublishing.com/elcomercio/H54IQ5XGGZFB3BLK2A6ANDSCCE.jpg,https://elcomercio.pe/deporte-total/peruanos-en-el-mundo/pedro-gallese-a-leicester-de-que-trata-la-campana-en-twitter-que-suena-con-el-fichaje-del-jugador-de-la-seleccion-peruana-a-la-premier-league-luis-suarez-rmmd-dtcc-noticia/,2022-07-29 17:17:07.566
Resultados de Mega Millions: ganadores y Mega Ball del viernes 29 de julio [VIDEO],https://cloudfront-us-east-1.images.arcpublishing.com/elcomercio/E5HACEGO2NGGFBPA4WM5CXRBGU.jpg,https://elcomercio.pe/respuestas/mega-millions-en-vivo-resultados-numeros-ganadores-y-jackpot-de-la-loteria-del-viernes-29-de-julio-de-2022-cut-off-time-previous-drawings-winning-numbers-washington-eeuu-usa-lbposting-noticia/,2022-07-29 17:17:07.566
Pedro Castillo: la vacancia y otros escenarios rondan tras su mensaje pero sin firmeza en el Congreso,https://cloudfront-us-east-1.images.arcpublishing.com/elcomercio/GOM6LZ2Q5FDDDLDNOTCIENFVQA.jpg,https://elcomercio.pe/politica/pedro-castillo-la-vacancia-y-otros-escenarios-rondan-tras-su-mensaje-pero-sin-firmeza-en-el-congreso-fiestas-patrias-28-de-julio-mensaje-a-la-nacion-noticia/,2022-07-29 17:17:07.566
Ministro del Interior Willy Huerta se reunió hoy con Pedro Castillo en Palacio de Gobierno,https://cloudfront-us-east-1.images.arcpublishing.com/elcomercio/55WBYW2HVRARPAXV3ZCB5C2HTA.jpg,https://elcomercio.pe/politica/willy-huerta-ministro-del-interior-se-reunio-este-sabado-30-de-julio-con-pedro-castillo-en-palacio-de-gobierno-rmmn-noticia/,2022-07-29 17:17:07.566
"¿Usas programas como Photoshop o Word sin licencia? Cuidado, podrían secuestrar tus datos (o tal vez algo peor)",https://cloudfront-us-east-1.images.arcpublishing.com/elcomercio/7Z7GGPRLWZBDLIBNDDPTRIKLXQ.jpg,https://elcomercio.pe/tecnologia/e-sports/usas-programas-como-photoshop-o-word-sin-licencia-cuidado-podrian-secuestrar-tus-datos-o-tal-vez-algo-peor-pirateria-ciberseguridad-videojuegos-software-noticia/,2022-07-29 17:17:07.566
"Lotería de Medellín: Resultados del sorteo de anoche, viernes 29 de julio [VIDEO]",https://cloudfront-us-east-1.images.arcpublishing.com/elcomercio/6VQVI53ZK5BIZA2ZWSTL3XDHC4.jpg,https://elcomercio.pe/respuestas/hoy-loteria-de-medellin-en-vivo-sorteo-resultados-y-premios-del-viernes-29-de-julio-via-online-facebook-teleantioquia-premios-secos-ganadores-horario-tdex-lbposting-colombia-co-noticia/,2022-07-29 17:17:07.566
Urubamba de lujo: ¿en qué consiste la nueva experiencia gastronómica servida al aire libre?,https://cloudfront-us-east-1.images.arcpublishing.com/elcomercio/EN67ZVAQIZEGHBDNCQKJ2DJ7DM.jpeg,https://elcomercio.pe/somos/estilo/urubamba-de-lujo-en-que-consiste-la-nueva-experiencia-gastronomica-servida-al-aire-libre-cusco-turismo-valle-sagrado-tambo-del-inka-peru-noticia/,2022-07-29 17:17:07.566
"Paolo Guerrero y su posible debut con Avaí, su cuarto club en Brasil ",https://cloudfront-us-east-1.images.arcpublishing.com/elcomercio/H6XFX37HFJELXHEZBGH4GIERII.jpeg,https://elcomercio.pe/deporte-total/peruanos-en-el-mundo/paolo-guerrero-y-su-posible-debut-con-avai-fc-en-el-brasileirao-su-cuarto-club-en-el-futbol-brasileno-rmmd-dtcc-noticia/,2022-07-29 17:17:07.566
Trabajadores de salud protestan fuera del Congreso exigiendo aprobar ley para pasar los contratos CAS COVID a CAS,https://cloudfront-us-east-1.images.arcpublishing.com/elcomercio/UTJUQDGRT5CRPDSK4ZOCIEWJ74.jpg,https://elcomercio.pe/lima/sucesos/cercado-de-lima-trabajadores-de-salud-protestan-fuera-del-congreso-exigiendo-aprobar-ley-para-pasar-los-contratos-cas-covid-a-cas-minsa-essalud-rmmn-noticia/,2022-07-29 17:17:07.566
Haaland falló un gol frente al arco: se equivocó al definir ante Liverpool | VIDEO,https://cloudfront-us-east-1.images.arcpublishing.com/elcomercio/PDVTAIO2DBC6ZOX3HAO4WGTX64.jpg,https://elcomercio.pe/deporte-total/futbol-mundial/manchester-city-vs-liverpool-hoy-en-vivo-erling-haaland-fallo-una-ocasion-de-gol-que-pudo-ser-el-empate-en-la-community-shield-video-rmmd-noticia/,2022-07-29 17:17:07.566
"Delincuente llora tras ser capturado por segunda vez: “Es por impotencia, jefe” | VIDEO",https://cloudfront-us-east-1.images.arcpublishing.com/elcomercio/NC7TATGUCFFA7ANINZYA2IKJZQ.jpg,https://elcomercio.pe/lima/rimac-ladron-llora-tras-ser-capturado-por-segunda-vez-es-por-impotencia-jefe-video-rmmn-noticia/,2022-07-29 17:17:07.566
Steam: ¿cómo devolver un videojuego y recibir un reembolso de mi dinero?,https://cloudfront-us-east-1.images.arcpublishing.com/elcomercio/VSKM7AOVUVDTNKKV36OZOEY7LY.jpg,https://elcomercio.pe/tecnologia/videojuegos/steam-como-devolver-un-videojuego-y-recibir-un-reembolso-de-mi-dinero-espana-mexico-colombia-noticia/,2022-07-29 17:17:07.566
TikTok está probando incluir videojuegos dentro de la app y así puedes encontrarlos,https://cloudfront-us-east-1.images.arcpublishing.com/elcomercio/NORKKID3LFHX5PENPJHLFGNJJI.jpg,https://elcomercio.pe/tecnologia/redes-sociales/redes-sociales-celulares-tiktok-esta-probando-incluir-videojuegos-dentro-de-la-app-y-asi-puedes-probarlos-espana-mexico-usa-noticia/,2022-07-29 17:17:07.566
Tremenda definición: Alexander-Arnold ubicó la pelota en el segundo palo para el 1-0 del Liverpool vs. Manchester City | VIDEO,https://cloudfront-us-east-1.images.arcpublishing.com/elcomercio/BYO4R2E5OJGSJGJZR7CFDIQNJQ.jpg,https://elcomercio.pe/deporte-total/futbol-mundial/gol-liverpool-hoy-gol-alexander-arnold-hoy-gol-de-alexander-arnold-para-el-1-0-de-liverpool-vs-manchester-city-en-community-shield-video-rmmd-noticia/,2022-07-29 17:17:07.566
Pantalla gigante cae sobre bailarín durante concierto del grupo “Mirror” en Hong Kong,https://cdn.jwplayer.com/v2/media/RzRN3okv/poster.jpg,https://elcomercio.pe/videos/global/video-viral-pantalla-gigante-cae-sobre-integrante-de-grupo-de-k-pop-durante-concierto-en-japon-asia-mundo-nnav-video-amtv-noticia/,2022-07-29 17:17:07.566
"Clima en Lima hoy, sábado 30 de julio del 2022: Senamhi pronostica una temperatura mínima de 12°C ",https://cloudfront-us-east-1.images.arcpublishing.com/elcomercio/G4M4JXVUMJGFZAKGHWFR6ZMJU4.jpg,https://elcomercio.pe/lima/sucesos/clima-en-lima-hoy-sabado-30-de-julio-senamhi-pronostica-una-temperatura-minima-de-12c-invierno-rmmn-noticia/,2022-07-29 17:17:07.566
“La banda presidencial”: Presentan teaser y confirman fecha de estreno de película dirigida por Eduardo Mendoza,https://cloudfront-us-east-1.images.arcpublishing.com/elcomercio/QXQLFYN2ZZDKBPGK2U62BWWTOQ.jpg,https://elcomercio.pe/luces/cine/la-banda-presidencial-presentan-primer-adelanto-de-la-pelicula-dirigida-por-eduardo-mendoza-cine-cartelera-farandula-rmmn-noticia/,2022-07-29 17:17:07.566
Video muestra cómo tres orcas persiguen y matan a tiburón blanco,https://cloudfront-us-east-1.images.arcpublishing.com/elcomercio/UQGDPXNEKJDMTOUJDUGL6QGMY4.jpeg,https://elcomercio.pe/mundo/actualidad/video-muestra-como-tres-orcas-persiguen-y-matan-a-tiburon-blanco-narracion-historias-ec-noticia/,2022-07-29 17:17:07.566
"Chispita y Charquito, la pareja de payasos que fueron cruelmente asesinados ",https://cloudfront-us-east-1.images.arcpublishing.com/elcomercio/U23AAYONSVAWJOXPNGLKIWAY7E.jfif,https://elcomercio.pe/mundo/centroamerica/chispita-y-charquito-la-pareja-de-payasos-que-fueron-cruelmente-asesinados-en-guatemala-joselin-paola-chacon-nelson-estiven-villa-toro-narracion-historias-ec-noticia/,2022-07-29 17:17:07.566
El estremecedor video donde una ballena captura con la boca a dos mujeres en California,https://cloudfront-us-east-1.images.arcpublishing.com/elcomercio/Z2VLUAQPGFHBJPG6CKDM7JQULQ.webp,https://elcomercio.pe/mundo/eeuu/california-el-estremecedor-video-donde-una-ballena-captura-con-la-boca-a-dos-mujeres-en-estados-unidos-noticia/,2022-07-29 17:17:07.566
"Los 3 narcos mexicanos que están en la prisión más segura de EE.UU., ADX Florence, de la que es “imposible” escapar",https://cloudfront-us-east-1.images.arcpublishing.com/elcomercio/ERHOLKAKHZBD7CB3DCFHH2NNCE.jpg,https://elcomercio.pe/mundo/eeuu/los-3-narcos-mexicanos-que-estan-en-la-prision-mas-segura-de-estados-unidos-adx-florence-de-la-que-nunca-nadie-ha-escapado-el-capo-guzman-rafael-caro-quintero-mexico-alfredo-beltran-leyva-marco-antonio-paredes-machado-noticia/,2022-07-29 17:17:07.566
Denuncian que soldado ruso castró a un militar ucraniano prisionero ,https://cloudfront-us-east-1.images.arcpublishing.com/elcomercio/LDWGR4AXMZDB3GEI74BCWZGY6U.jpeg,https://elcomercio.pe/mundo/europa/guerra-rusia-ucrania-soldado-ucraniano-fue-castrado-por-un-militar-ruso-vladimir-putin-volodymyr-zelensky-noticia/,2022-07-29 17:17:07.566
Joven murió tras ponerse piercing en el labio y sufrir complicaciones,https://cloudfront-us-east-1.images.arcpublishing.com/elcomercio/PDKOF6EDOBEBPJZQKVT5GLQKVY.png,https://elcomercio.pe/mundo/latinoamerica/andressa-souza-brasil-joven-murio-tras-ponerse-piercing-en-el-labio-y-sufrir-complicaciones-narracion-historias-ec-noticia/,2022-07-29 17:17:07.566
Mujeres obligadas a arrastrarse y prohibición de mirar por la ventana: el polémico rey de Tailandia cumple 70 años,https://cloudfront-us-east-1.images.arcpublishing.com/elcomercio/B46QFXDUCNGFZF57TK4JYAIWT4.PNG,https://elcomercio.pe/mundo/asia/maha-vajiralongkorn-mujeres-obligadas-a-arrastrarse-y-prohibicion-de-mirar-por-la-ventana-el-polemico-rey-de-tailandia-cumple-70-anos-narracion-historias-ec-noticia/,2022-07-29 17:17:07.566
"Horóscopo de hoy y predicciones del sábado 30 de julio, según tu signo zodiacal",https://cloudfront-us-east-1.images.arcpublishing.com/elcomercio/N37YM3VCDRFWJJCTXWBSTORFMI.jpg,https://elcomercio.pe/luces/vida-social/horoscopo-de-hoy-y-predicciones-gratis-del-sabado-30-de-julio-de-2022-segun-tu-signo-zodiacal-aries-tauro-geminis-cancer-leo-virgo-libra-escorpio-sagitario-capricornio-acuario-piscis-lbposting-noticia/,2022-07-29 17:17:07.566
Shakira: piden más de 8 años de cárcel y una millonaria multa para la cantante por fraude fiscal,https://cloudfront-us-east-1.images.arcpublishing.com/elcomercio/GATBNEYBSJB3VBFQAP3OFFSXKE.jpg,https://elcomercio.pe/tvmas/famosos/shakira-piden-mas-de-8-anos-de-carcel-y-una-millonaria-multa-para-la-cantante-por-fraude-fiscal-espana-celebs-rmmn-noticia/,2022-07-29 17:17:07.566
César Nakazaki señala que colaboración eficaz de Bruno Pacheco depende de la permanencia de Harvey Colchado ,https://cloudfront-us-east-1.images.arcpublishing.com/elcomercio/MDTAK7THVVFSRI6LUITNX63QPA.jpg,https://elcomercio.pe/politica/cesar-nakazaki-senala-que-colaboracion-eficaz-de-bruno-pacheco-depende-de-la-permanencia-de-harvey-colchado-en-equipo-de-la-pnp-rmmn-noticia/,2022-07-29 17:17:07.566
Will Smith reconoce que se equivocó y se disculpa con Chris Rock : “Mi comportamiento fue inaceptable”,https://cloudfront-us-east-1.images.arcpublishing.com/elcomercio/NUFDP4NK7NCE5G3WTCSWJDA4GE.jpg,https://elcomercio.pe/tvmas/famosos/will-smith-reconoce-que-se-equivoco-y-se-disculpa-con-chris-rock-mi-comportamiento-fue-inaceptable-usa-eeuu-estados-unidos-hollywood-premios-oscar-celebs-rmmn-noticia/,2022-07-29 17:17:07.566
Estas son las razones por las que Facebook te puede bloquear la cuenta,https://cloudfront-us-east-1.images.arcpublishing.com/elcomercio/JUHEN647XVAPBJI6BEFQLCCYA4.jpg,https://elcomercio.pe/tecnologia/redes-sociales/estas-son-las-razones-por-las-que-facebook-te-puede-bloquear-la-cuenta-noticia/,2022-07-29 17:17:07.566
Bombardeo contra la cárcel en Donetsk podría ser investigado por la ONU ,https://cloudfront-us-east-1.images.arcpublishing.com/elcomercio/7KZMIQNMLZFONGM5EVS6VAKCXY.jpg,https://elcomercio.pe/mundo/actualidad/guerra-en-ucrania-rusia-la-onu-se-ofrece-para-investigar-el-bombardeo-contra-la-carcel-en-donetsk-rmmn-noticia/,2022-07-29 17:17:07.566
"Alejandro Aramburú lanza “Besarte”, su primer sencillo",https://cloudfront-us-east-1.images.arcpublishing.com/elcomercio/P47QGNXCERAY3P42EFZRFR3L6E.jpg,https://elcomercio.pe/luces/musica/alejandro-aramburu-empieza-a-brillar-con-luz-propia-y-lanza-besarte-su-primer-sencillo-musica-farandula-rmmn-noticia/,2022-07-29 17:17:07.566
Fútbol EN VIVO: sigue los partidos de la Liga Profesional Argentina 2022,https://cloudfront-us-east-1.images.arcpublishing.com/elcomercio/DANWMSGAVRFTDCWDC3TPGVV3TE.jpg,https://elcomercio.pe/deporte-total/futbol-mundial/futbol-libre-en-vivo-mira-todos-los-partidos-de-la-liga-profesional-argentina-en-directo-via-futbol-libre-online-link-para-descargar-futbol-libre-tv-por-internet-argentina-ar-rmmd-noticia/,2022-07-29 17:17:07.566
"“Patrias andinas, patrias citadinas”: la primera década de una república naciente",https://cloudfront-us-east-1.images.arcpublishing.com/elcomercio/HNPZZZEAXBHDPINIOAHVABLE4A.jpg,https://elcomercio.pe/luces/libros/patrias-andinas-patrias-citadinas-la-primera-decada-de-una-republica-naciente-noticia/,2022-07-29 17:17:07.566
"Huaral: extorsionador intenta quemar local de muebles, casi arde en llamas y termina capturado por la Policía ",https://cloudfront-us-east-1.images.arcpublishing.com/elcomercio/JP5GXS7BYJCJTKJCXN2PE72HRU.jpg,https://elcomercio.pe/peru/huaral-extorsionador-intenta-quemar-local-de-muebles-casi-arde-en-llamas-y-termina-capturado-por-la-policia-video-rmmn-noticia/,2022-07-29 17:17:07.566
Conoce cuál es el precio de la gasolina hoy en los grifos de Lima y Callao,https://cloudfront-us-east-1.images.arcpublishing.com/elcomercio/THOJCOA4RZBS7K6I7UL4IUSNSY.jpg,https://elcomercio.pe/economia/peru/precio-gasolina-hoy-30-julio-en-peru-cuanto-cuesta-el-combustible-este-sabado-precio-glp-gnv-gasolina-98-petroleo-rmmn-noticia/,2022-07-29 17:17:07.566
"Viruela del mono: ¿qué factores favorecen el contagio, cuántos casos hay y por qué existe una transmisión comunitaria? ",https://cloudfront-us-east-1.images.arcpublishing.com/elcomercio/KGZ3B3PMUJHXJHUJZOLP3QDA7Y.jpg,https://elcomercio.pe/lima/sucesos/viruela-del-mono-en-peru-que-factores-favorecen-el-contagio-cuantos-casos-hay-y-por-que-existe-una-transmision-comunitaria-sexo-casual-rmmn-noticia/,2022-07-29 17:17:07.566
Esta es la manera correcta de limpiar la pantalla de un televisor sin que sufra daños,https://cloudfront-us-east-1.images.arcpublishing.com/elcomercio/STOTQ2OKRFCWPMNTM2PDM7PAIM.jpg,https://elcomercio.pe/tecnologia/actualidad/esta-es-la-manera-correcta-de-limpiar-la-pantalla-de-un-televisor-sin-que-sufra-danos-mexico-argentina-espana-estados-unidos-noticia/,2022-07-29 17:17:07.566
"“Fue por instinto”: ‘Cacique’ Medina, DT de Vélez, trabó a rival y se fue expulsado | VIDEO",https://cloudfront-us-east-1.images.arcpublishing.com/elcomercio/SJKIL5X5D5GFLCXLBFVA3LRWYU.jpg,https://elcomercio.pe/deporte-total/futbol-mundial/cacique-medina-dt-de-velez-trabo-a-jugador-de-godoy-cruz-y-se-fue-expulsado-fue-por-instinto-video-viral-rmmd-dtbn-argentina-ar-noticia/,2022-07-29 17:17:07.566
La historia del hincha de Everton que entró a la cancha para anotar un gol de penal en partido amistoso | VIDEO,https://cloudfront-us-east-1.images.arcpublishing.com/elcomercio/GAJARZPVAFC3TL7MCN45GEXKMY.jpg,https://elcomercio.pe/deporte-total/futbol-mundial/viral-hincha-de-everton-entro-a-partido-amistoso-anoto-gol-de-penal-lo-celebro-con-todo-el-estadio-y-fue-ovacionado-premier-league-video-rmmd-noticia/,2022-07-29 17:17:07.566
Comer chocolate o pensar en sexo: cosas extrañas que nos hacen estornudar,https://cloudfront-us-east-1.images.arcpublishing.com/elcomercio/GE3TCMJNGA3S2MZQKQYDAORRG4.jpg,https://elcomercio.pe/mundo/actualidad/comer-chocolate-o-pensar-en-sexo-cosas-extranas-que-nos-hacen-estornudar-historias-ec-noticia/,2022-07-29 17:17:07.566
Elon Musk presenta contrademanda a Twitter por no detallar el “número real” de cuentas falsas,https://cloudfront-us-east-1.images.arcpublishing.com/elcomercio/M5NVNYYOJRE7LAJDO2MYUMV6WE.jpg,https://elcomercio.pe/tecnologia/empresas/elon-musk-presenta-contrademanda-a-twitter-por-no-detallar-el-numero-real-de-cuentas-falsas-espana-mexico-colombia-usa-noticia/,2022-07-29 17:17:07.566
"Rusia pagará por la muerte de 50 prisioneros ucranianos, según promete Estados Unidos",https://cloudfront-us-east-1.images.arcpublishing.com/elcomercio/G4UJVQUJQ5EMXHXJJUSSGXEFZQ.jpg,https://elcomercio.pe/mundo/eeuu/guerra-en-ucrania-estados-unidos-promete-que-rusia-pagara-por-la-muerte-de-50-prisioneros-ucranianos-rmmn-noticia/,2022-07-29 17:17:07.566
Jefe de la PNP busca beneficiar a sus secretarios en los ascensos,https://cloudfront-us-east-1.images.arcpublishing.com/elcomercio/6CYAAWEMZNGI5EMV5MZL55XE6Q.jpeg,https://elcomercio.pe/politica/justicia/jefe-de-la-pnp-busca-beneficiar-a-sus-secretarios-en-los-ascensos-noticia/,2022-07-29 17:17:07.566
Bruno Pacheco: las confesiones (hasta el momento) del exsecretario presidencial y su vínculo con Pedro Castillo,https://cloudfront-us-east-1.images.arcpublishing.com/elcomercio/63MRBQVTCBDU7GZOJIXPOB5R3A.jpg,https://elcomercio.pe/politica/justicia/bruno-pacheco-las-confesiones-hasta-el-momento-del-exsecretario-presidencial-y-su-vinculo-con-pedro-castillo-noticia/,2022-07-29 17:17:07.566
Comunidad LGBTQ+ en EE.UU. enfrenta la “insoportable” viruela del mono y el estigma,https://cloudfront-us-east-1.images.arcpublishing.com/elcomercio/T6PDD43QERCENOXK5RKGIVMKJE.jpg,https://elcomercio.pe/mundo/eeuu/viruela-del-mono-estados-unidos-comunidad-lgbtq-enfrenta-a-la-enfermedad-y-el-estigma-rmmn-noticia/,2022-07-29 17:17:07.566
Beyoncé invita a la pista de baile en su último disco “Renaissance”,https://cloudfront-us-east-1.images.arcpublishing.com/elcomercio/GWEFUB5N3ZBVROQ5LDZZSGKC5E.jpg,https://elcomercio.pe/luces/musica/beyonce-invita-a-la-pista-de-baile-en-su-ultimo-disco-renaissance-eeuu-usa-estados-unidos-celebs-rmmn-noticia/,2022-07-29 17:17:07.566
Sony presenta el primer mando de PlayStation compatible con iPhone,https://cloudfront-us-east-1.images.arcpublishing.com/elcomercio/7FTA5OOJ7FGMHEGOLPLW2SHDGY.png,https://elcomercio.pe/tecnologia/actualidad/videojuegos-sony-presenta-el-primer-mando-de-playstation-compatible-con-iphone-noticia/,2022-07-29 17:17:07.566
Bono 950 soles para docentes y auxiliares: ¿qué dijo el presidente Pedro Castillo sobre este beneficio?,https://cloudfront-us-east-1.images.arcpublishing.com/elcomercio/IK7NFKUXGNDERIPVYLGW2DKSTY.jpg,https://elcomercio.pe/respuestas/bono-950-soles-para-docentes-y-auxiliares-que-dijo-pedro-castillo-sobre-este-beneficio-tdex-revtli-noticia/,2022-07-29 17:17:07.566
"¿Podrá ingresar el Comando Sur, cuál es el papel de Lavandeira, alineará Yotún? Preguntas y respuestas sobre el Alianza vs. Cristal",https://cloudfront-us-east-1.images.arcpublishing.com/elcomercio/LHYKAA52MJCVFGIMUJ7BE4R3FY.jpg,https://elcomercio.pe/deporte-total/futbol-peruano/alianza-lima-vs-sporting-cristal-podra-ingresar-el-comando-sur-cual-es-el-papel-de-lavandeira-alineara-yotun-liga-1-torneo-clausura-2022-rmmd-dtcc-noticia/,2022-07-29 17:17:07.566
Ingreso Solidario de agosto 2022: ¿cuándo se pagará y cuáles son los montos a entregar?,https://cloudfront-us-east-1.images.arcpublishing.com/elcomercio/32OWQPBYKJBCVONB3KF2I5KPOY.jpg,https://elcomercio.pe/respuestas/ingreso-solidario-de-agosto-2022-cuando-se-pagara-y-cuales-son-los-montos-a-entregar-prosperidad-social-revtli-tdex-noticia/,2022-07-29 17:17:07.566
"Huaral: Extorsionador incendia local comercial, casi se quema y luego es capturado",https://cdn.jwplayer.com/v2/media/F2bIYFXO/poster.jpg,https://elcomercio.pe/videos/pais/huaral-extorsionador-incendia-local-comercial-casi-se-quema-y-luego-es-capturado-nnav-video-amtv-noticia/,2022-07-29 17:17:07.566
Alianza Lima vs. Sporting Cristal EN VIVO: partidazo en el Nacional por fecha 5 del Clausura 2022 de Liga 1 Betsson,https://e.rpp-noticias.io/medium/2022/07/30/163216_1292445.jpg,https://rpp.pe/futbol/descentralizado/alianza-lima-vs-sporting-cristal-via-gol-peru-en-vivo-ver-online-tv-en-directo-transmision-en-estadio-nacional-por-fecha-5-del-clausura-2022-de-liga-1-betsson-noticia-1421342,2022-07-29 17:17:07.566
El Agustino: efectivos de la Policía capturaron a delincuente que asaltó a pareja de ciudadanos extranjeros,https://e.rpp-noticias.io/medium/2022/07/30/442444_1292444.jpg,https://rpp.pe/lima/policiales-crimenes/el-agustino-efectivos-de-la-policia-capturaron-a-delincuente-que-asalto-a-pareja-de-ciudadanos-extranjeros-noticia-1421345,2022-07-29 17:17:07.566
¡En la última del partido! Cienciano venció 1-0 a Ayacucho FC por el Clausura de la Liga 1 Betsson,https://e.rpp-noticias.io/medium/2022/07/30/513251_1292446.jpg,https://rpp.pe/futbol/descentralizado/ayacucho-fc-vs-cienciano-como-cuando-y-donde-ver-en-directo-canales-tv-horarios-partido-por-fecha-5-del-clausura-2022-liga-1-betsson-noticia-1421230,2022-07-29 17:17:07.566
Barcelona vs. New York Red Bulls EN VIVO: seguir EN DIRECTO el amistoso internacional en Estados Unidos,https://e.rpp-noticias.io/medium/2022/07/29/395839_1292103.jpg,https://rpp.pe/futbol/futbol-mundial/barcelona-vs-new-york-red-bulls-como-cuando-y-donde-ver-en-directo-canales-tv-horarios-por-partido-amistoso-internacional-2022-noticia-1421208,2022-07-29 17:17:07.566
Barcelona vs New York Red Bulls EN VIVO: juegan hoy partido amistoso en Red Bull Arena,https://e.rpp-noticias.io/medium/2022/07/30/450045_1292340.jpg,https://rpp.pe/futbol/futbol-mundial/barcelona-vs-new-york-rb-vivo-amistoso-directo-directv-sports-sky-sports-futbol-mundial-noticia-1421300,2022-07-29 17:17:07.566
Liga 1 Betsson EN VIVO: tabla de posiciones del Clausura y Acumulada del torneo peruano durante la fecha 5,https://e.rpp-noticias.io/medium/2022/07/10/371537_1283657.jpg,https://rpp.pe/futbol/descentralizado/tabla-posiciones-vivo-clausura-2022-directo-acumulada-liga1-alianza-universitario-cristal-partidos-de-hoy-noticia-1417052,2022-07-29 17:17:07.566
¡Busca la punta! Sporting Cristal y la alineación para medirse a Alianza Lima por el Clausura de Liga 1,https://e.rpp-noticias.io/medium/2022/07/30/portada_595659.jpg,https://rpp.pe/futbol/descentralizado/sporting-cristal-vs-alianza-lima-alineacion-confirmada-celeste-partido-de-liga-1-clausura-2022-noticia-1421344,2022-07-29 17:17:07.566
Universitario vs. Municipal: ¿A qué hora y dónde ver EN DIRECTO por la Liga 1 Betsson?,https://e.rpp-noticias.io/medium/2022/07/28/531253_1291982.jpg,https://rpp.pe/futbol/descentralizado/universitario-vs-municipal-como-cuando-y-donde-ver-en-directo-canales-tv-horarios-del-partido-por-clausura-2022-de-liga-1-betsso-noticia-1421149,2022-07-29 17:17:07.566
Universitario vs. Municipal EN VIVO: se enfrentan hoy en el Monumental por el Clausura de Liga 1,https://e.rpp-noticias.io/medium/2022/07/29/170117_1292231.jpg,https://rpp.pe/futbol/descentralizado/universitario-vs-municipal-via-gol-peru-en-vivo-ver-online-tv-y-en-directo-transmision-en-estadio-monumental-por-fecha-5-del-clausura-2022-de-liga-1-betsson-noticia-1421257,2022-07-29 17:17:07.566
Gianluca Lapadula fue convocado para partido amistoso de Cagliari ante Leeds United,https://e.rpp-noticias.io/medium/2022/07/30/400640_1292441.jpg,https://rpp.pe/futbol/peruanos-en-el-mundo/seleccion-peruana-gianluca-lapadula-fue-convocado-para-partido-amistoso-de-cagliari-ante-leeds-united-noticia-1421343,2022-07-29 17:17:07.566
"Vía TUDN, Cruz Azul vs. Necaxa EN VIVO: sigue ONLINE ahora partido en Estadio Azteca por Apertura 2022 Liga MX",https://e.rpp-noticias.io/medium/2022/07/30/392539_1292394.jpg,https://rpp.pe/futbol/futbol-mundial/cruz-azul-vs-necaxa-como-cuando-y-donde-ver-en-directo-canales-tv-horarios-tudn-por-fecha-6-del-apertura-2022-liga-mx-noticia-1421322,2022-07-29 17:17:07.566
¿El salto a Europa? Marcos López interesaría al Feyenoord de la Eredivisie para jugar la Europa League,https://e.rpp-noticias.io/medium/2022/07/30/114711_1292416.jpg,https://rpp.pe/futbol/peruanos-en-el-mundo/marcos-lopez-interesa-al-feyenoord-para-jugar-la-europa-league-seleccion-peruana-fichajes-noticia-1421338,2022-07-29 17:17:07.566
'Thor: Love and Thunder' fue censurada en países árabes por tener referencias LGTB,https://e.rpp-noticias.io/medium/2022/07/30/371037_1292425.jpg,https://rpp.pe/cine/internacional/thor-love-and-thunder-fue-censurada-en-paises-arabes-por-tener-referencias-lgtb-noticia-1421340,2022-07-29 17:17:07.566
"Alianza Atlético vs. Carlos Stein: cómo, cuándo y dónde ver el partido por Clausura 2022 de Liga 1 Betsson",https://e.rpp-noticias.io/medium/2022/07/30/032103_1292426.jpg,https://rpp.pe/futbol/descentralizado/alianza-atletico-vs-carlos-stein-como-cuando-y-donde-ver-en-directo-canales-tv-horarios-partido-por-fecha-5-del-clausura-2022-liga-1-betsson-noticia-1421334,2022-07-29 17:17:07.566
Presidente de Guatemala sale ileso de disparos a su comitiva,https://e.rpp-noticias.io/medium/2022/07/30/010501_1292424.jpg,https://rpp.pe/mundo/latinoamerica/guatemala-presidente-alejandro-giammattei-sale-ileso-de-disparos-a-su-comitiva-noticia-1421339,2022-07-29 17:17:07.566
FIFA 22: Brasil se corona como campeón de la FIFAe Nations Cup tras derrotar a Polonia,https://e.rpp-noticias.io/medium/2022/07/30/405140_1292421.jpg,https://rpp.pe/videojuegos/esports/fifa-22-brasil-campeon-tras-vencer-a-polonia-noticia-1421337,2022-07-29 17:17:07.566
Partidazo lleno de goles: Bayern Munich campeón de la Supercopa Alemana al derrotar 5-3 al Leipzig,https://e.rpp-noticias.io/medium/2022/07/30/290129_1292422.jpg,https://rpp.pe/futbol/futbol-mundial/bayern-munich-vs-rb-leipzig-directo-transmision-vivo-minuto-minuto-supercopa-alemania-noticia-1421312,2022-07-29 17:17:07.566
Mega Millions: una persona de Illinois ganó más de $ 1 330 millones de la lotería,https://e.rpp-noticias.io/medium/2022/07/30/011201_1292408.jpg,https://rpp.pe/mundo/estados-unidos/mega-millions-una-persona-de-illinois-gano-mas-de-1-330-millones-de-la-loteria-noticia-1421333,2022-07-29 17:17:07.566
IPD se pronunció sobre el estado del campo del Estadio Nacional previo al Sporting Cristal vs Alianza Lima,https://e.rpp-noticias.io/medium/2022/07/30/024202_1292428.jpg,https://rpp.pe/futbol/descentralizado/alianza-lima-vs-sporting-cristal-ipd-se-pronuncio-sobre-el-campo-del-estadio-nacional-noticia-1421336,2022-07-29 17:17:07.566
Gran definición: Sadio Mané anotó su primer gol oficial con Bayern Munich ante,https://e.rpp-noticias.io/medium/2022/07/30/053305_1292413.jpg,https://rpp.pe/futbol/futbol-mundial/ver-gol-bayern-munich-vs-leipzig-sadio-mane-anoto-su-primer-gol-oficial-en-partido-por-la-supercopa-de-alemania-noticia-1421335,2022-07-29 17:17:07.566
"Cristian Castro cambia radicalmente de look y seguidores lo comparan con su padre, 'El Loco' Valdés",https://e.rpp-noticias.io/medium/2022/07/30/592559_1292395.jpg,https://rpp.pe/musica/internacional/cristian-castro-cambia-de-look-y-lo-comparan-con-su-padre-el-loco-valdes-noticia-1421329,2022-07-29 17:17:07.566
España: autoridades sanitarias confirman segunda muerte por viruela del mono,https://e.rpp-noticias.io/medium/2022/07/30/091609_1292409.jpg,https://rpp.pe/mundo/espana/viruela-del-monos-autoridades-sanitarias-de-espana-confirman-segunda-muerte-por-la-enfermedad-noticia-1421332,2022-07-29 17:17:07.566
"¿Lionel Messi de regreso a Barcelona? Xavi apunta que le ""gustaría"" contar con él en la próxima temporada",https://e.rpp-noticias.io/medium/2022/07/30/020302_1292406.jpg,https://rpp.pe/futbol/futbol-mundial/lionel-messi-regreso-al-barcelona-xavi-asegura-que-le-gustaria-su-regreso-al-camp-nou-en-2023-noticia-1421330,2022-07-29 17:17:07.566
"Pedro Castillo fue citado por la Fiscalía para el 4 y 9 de agosto, según su abogado Benji Espinoza",https://e.rpp-noticias.io/medium/2022/07/30/portada_271427.jpg,https://rpp.pe/politica/judiciales/pedro-castillo-fue-citado-por-la-fiscalia-para-el-4-y-9-de-agosto-segun-su-abogado-benji-espinoza-noticia-1421324,2022-07-29 17:17:07.566
Trata de personas: el 85% de víctimas son mujeres en distintas etapas de vida,https://e.rpp-noticias.io/medium/2022/07/30/portada_434443.jpg,https://rpp.pe/peru/actualidad/trata-de-personas-el-85-de-victimas-son-mujeres-en-distintas-etapas-de-vida-noticia-1421319,2022-07-29 17:17:07.566
La Cámara Baja de Estados Unidos aprobó un proyecto de ley para prohibir las armas de asalto,https://e.rpp-noticias.io/medium/2022/07/30/574157_1292404.jpg,https://rpp.pe/mundo/estados-unidos/eeuu-camara-baja-aprobo-un-proyecto-de-ley-para-prohibir-las-armas-de-asalto-noticia-1421331,2022-07-29 17:17:07.566
"El cohete chino Long March 5B regresa a la Tierra y cae en alguna parte del Océano Índico, según EE.UU",https://e.rpp-noticias.io/medium/2022/07/30/301430_1292392.jpg,https://rpp.pe/ciencia/espacio/nasa-cohete-chino-long-march-5b-cayo-en-oceano-indico-noticia-1421327,2022-07-29 17:17:07.566
"Dictan mandato de comparecencia con restricciones contra Julio Gutiérrez y Orlando Velásquez, exmiembros del CNM",https://e.rpp-noticias.io/medium/2022/07/30/001500_1292393.jpg,https://rpp.pe/politica/judiciales/cnm-dictan-mandato-de-comparecencia-con-restricciones-contra-exmiembros-julio-gutierrez-y-orlando-velasquez-noticia-1421328,2022-07-29 17:17:07.566
¡Entre los mejores del mundo! Juan Pablo Varillas ingresó por primera vez al 'Top 100' del ranking ATP,https://e.rpp-noticias.io/medium/2022/07/30/302730_1292343.jpg,https://rpp.pe/tenis/mas-tenis/juan-pablo-varillas-ingreso-por-primera-vez-al-top-100-ranking-atp-tenis-peru-noticia-1421318,2022-07-29 17:17:07.566
"Carlos Anderson: ""Estamos trabajando en una vacancia bien hecha porque hemos tenido mociones mal argumentadas""",https://e.rpp-noticias.io/medium/2022/07/30/012501_1292370.jpg,https://rpp.pe/politica/congreso/carlos-anderson-estamos-trabajando-en-una-vacancia-bien-hecha-porque-hemos-tenido-mociones-mal-argumentadas-noticia-1421317,2022-07-29 17:17:07.566
"El tumor de Sébastien Haller es maligno, confirmó Borussia Dortmund",https://e.rpp-noticias.io/medium/2022/07/30/034403_1292388.jpg,https://rpp.pe/futbol/futbol-mundial/borussia-dortmund-confirmo-que-sebastien-haller-padece-de-un-tumor-testicular-maligno-noticia-1421321,2022-07-29 17:17:07.566
"Aguinaga: Pedir cambiar a Harvey Colchado es una maniobra más del Gobierno ""para evitar a la justicia""",https://e.rpp-noticias.io/medium/2022/07/30/192219_1292342.jpg,https://rpp.pe/politica/actualidad/alejandro-aguinaga-pedir-cambiar-a-harvey-colchado-es-una-maniobra-mas-del-gobierno-para-evitar-a-la-justicia-noticia-1421308,2022-07-29 17:17:07.566
"WWE Summerslam 2022 EN VIVO: fecha, horarios y cartelera del mega evento de lucha libre",https://e.rpp-noticias.io/medium/2022/07/30/300230_1292363.jpg,https://rpp.pe/lucha/wwe/wwe-summerslam-2022-en-vivo-fecha-horarios-noticia-1421313,2022-07-29 17:17:07.566
UFC 277: sigue el Brandon Moreno vs. Kai Kara-France EN DIRECTO por el título interino peso mosca,https://e.rpp-noticias.io/medium/2022/07/30/313131_1292372.jpg,https://rpp.pe/lucha/ufc/ufc-277-en-vivo-ver-brandon-moreno-vs-kai-kara-france-via-espn-star-en-directo-pelea-titulo-mosca-interino-fox-sports-transmision-en-dallas-noticia-1421307,2022-07-29 17:17:07.566
¡Debut soñado! Darwin Núñez anotó el 3-1 de Liverpool ante Manchester City por la final Community Shield,https://e.rpp-noticias.io/medium/2022/07/30/481348_1292390.jpg,https://rpp.pe/futbol/futbol-mundial/ver-gol-liverpool-vs-manchester-city-darwin-nunez-anoto-el-3-1-por-la-final-community-shield-noticia-1421320,2022-07-29 17:17:07.566
Carlos A. Mannucci anunció a Jorge Pautasso como su nuevo entrenador,https://e.rpp-noticias.io/medium/2022/07/30/301130_1292389.jpg,https://rpp.pe/futbol/descentralizado/carlos-a-mannucci-anuncio-a-jorge-pautasso-como-su-nuevo-entrenador-noticia-1421326,2022-07-29 17:17:07.566
"Beyoncé rinde tributo a la música disco con su nuevo álbum ""Renaissance""",https://e.rpp-noticias.io/medium/2022/07/30/511251_1292367.jpg,https://rpp.pe/musica/internacional/beyonce-rinde-tributo-a-la-musica-disco-con-su-nuevo-album-renaissance-noticia-1421316,2022-07-29 17:17:07.566
¡Liverpool campeón de la Community Shield 2022! 'Reds' vencieron 3-1 al Manchester City con gol Darwin Núñez,https://e.rpp-noticias.io/medium/2022/07/30/180718_1292366.jpg,https://rpp.pe/futbol/futbol-mundial/liverpool-vs-manchester-city-en-vivo-ver-community-shield-2022-final-directo-star-sky-sports-noticia-1421241,2022-07-29 17:17:07.566
Video de una cónsul noruega insultando a rusos escandaliza en Rusia,https://e.rpp-noticias.io/medium/2022/07/30/455445_1292354.jpg,https://rpp.pe/mundo/actualidad/video-de-una-consul-noruega-insultando-a-rusos-escandaliza-en-rusia-noticia-1421315,2022-07-29 17:17:07.566
VAR y penal: Mohamed Salah cobró y puso 2-1 del Liverpool ante Manchester City por Community Shield | VIDEO,https://e.rpp-noticias.io/medium/2022/07/30/485648_1292355.jpg,https://rpp.pe/futbol/futbol-mundial/ver-goles-liverpool-vs-manchester-city-tras-penal-de-var-mohamed-salah-puso-2-1-por-community-shield-video-noticia-1421310,2022-07-29 17:17:07.566
Pleno del Congreso aprueba por insistencia cambio de contrato CAS-COVID a contrato CAS,https://e.rpp-noticias.io/medium/2022/07/30/570457_1292364.jpg,https://rpp.pe/politica/congreso/pleno-del-congreso-aprueba-por-insistencia-cambio-de-contrato-cas-covid-a-contrato-cas-noticia-1421314,2022-07-29 17:17:07.566
Corea del Norte reporta cero contagios por primera vez desde brote de la COVID-19,https://e.rpp-noticias.io/medium/2022/07/30/094609_1292350.jpg,https://rpp.pe/mundo/asia/covid-19-corea-del-norte-reporta-cero-contagios-por-primera-vez-desde-brote-noticia-1421311,2022-07-29 17:17:07.566
Ministro del Interior pide a la Fiscalía el cambio de Harvey Colchado de la coordinación del Equipo Especial de la PNP,https://e.rpp-noticias.io/medium/2022/07/30/554755_1292351.jpg,https://rpp.pe/politica/judiciales/ministro-del-interior-pide-a-la-fiscalia-el-cambio-de-harvey-colchado-de-la-coordinacion-del-equipo-especial-de-la-pnp-noticia-1421304,2022-07-29 17:17:07.566
Julián Álvarez marcó su primer gol en Manchester City en el empate 1-1 con Liverpool por Community Shield,https://e.rpp-noticias.io/medium/2022/07/30/484848_1292353.jpg,https://rpp.pe/futbol/futbol-mundial/ver-gol-julian-alvarez-en-manchester-city-vs-liverpool-primer-gol-arana-por-community-shield-noticia-1421309,2022-07-29 17:17:07.566
"“Si fuera Pedro Castillo, lo mantengo como PCM”: Bellido y Tello consideran que Aníbal Torres no debe ser cambiado",https://e.rpp-noticias.io/medium/2022/07/30/365436_1292339.jpg,https://rpp.pe/politica/congreso/guido-bellido-y-edgar-tello-consideran-que-anibal-torres-no-debe-ser-cambiado-si-fuera-pedro-castillo-lo-mantengo-como-pcm-noticia-1421303,2022-07-29 17:17:07.566
"Britney Spears no volverá a declarar sobre su tutela legal: ""Está traumatizada por lo que vivió""",https://e.rpp-noticias.io/medium/2022/07/30/245424_1292338.jpg,https://rpp.pe/famosos/celebridades/britney-spears-no-volvera-a-los-tribunales-por-el-caso-de-su-tutela-legal-noticia-1421306,2022-07-29 17:17:07.566
"Padre de Freddy Díaz, acusado de violación sexual: “Solo le pido que se ponga a derecho”",https://e.rpp-noticias.io/medium/2022/07/30/450245_1292341.jpg,https://rpp.pe/politica/congreso/padre-de-freddy-diaz-acusado-de-violacion-sexual-solo-le-pido-que-se-ponga-a-derecho-noticia-1421305,2022-07-29 17:17:07.566
¡Vuelve el 'Bicho'! Cristiano Ronaldo confirmó que jugará con Manchester United amistoso ante Rayo,https://e.rpp-noticias.io/medium/2022/07/30/261826_1292328.jpg,https://rpp.pe/futbol/futbol-mundial/cristiano-ronaldo-en-manchester-united-confirmo-que-jugara-amistoso-ante-rayo-vallecano-noticia-1421299,2022-07-29 17:17:07.566
Festejo 'red': Alexander-Arnold marcó el 1-0 de Liverpool ante Manchester City por Community Shield,https://e.rpp-noticias.io/medium/2022/07/30/243924_1292334.jpg,https://rpp.pe/futbol/futbol-mundial/ver-gol-liverpool-vs-manchester-city-alexander-arnold-anoto-1-0-en-community-shield-2022-noticia-1421302,2022-07-29 17:17:07.566
"Pleno del Congreso sesiona hoy, de manera extraordinaria, para abordar ley sobre contratos CAS Covid",https://e.rpp-noticias.io/medium/2022/07/30/193319_1292332.jpg,https://rpp.pe/politica/congreso/pleno-del-congreso-sesiona-hoy-de-manera-extraordinaria-para-abordar-ley-sobre-contratos-cas-covid-noticia-1421297,2022-07-29 17:17:07.566
"Javier Portocarrero: ""Los ingresos familiares están entre el 10% y 15% por debajo del nivel prepandemia""",https://e.rpp-noticias.io/medium/2022/07/30/540554_1292324.jpg,https://rpp.pe/economia/economia/javier-portocarrero-los-ingresos-familiares-estan-entre-el-10-y-15-por-debajo-del-nivel-prepandemia-noticia-1421296,2022-07-29 17:17:07.566
"Lourdes Flores Nano: “Siempre está presente el tema de la vacancia, aunque tiene la dificultad de los votos”",https://e.rpp-noticias.io/medium/2022/07/30/161516_1292327.jpg,https://rpp.pe/politica/congreso/lourdes-flores-nano-siempre-esta-presente-el-tema-de-la-vacancia-aunque-tiene-la-dificultad-de-los-votos-noticia-1421298,2022-07-29 17:17:07.566
"EE.UU.: La Casa Blanca segura que Rusia ""rendirá cuentas"" por la muerte de 50 prisioneros ucranianos",https://e.rpp-noticias.io/medium/2022/07/30/580858_1292325.jpg,https://rpp.pe/mundo/estados-unidos/eeuu-la-casa-blanca-segura-que-rusia-rendira-cuentas-por-la-muerte-de-50-prisioneros-ucranianos-noticia-1421294,2022-07-29 17:17:07.566
"Noah Schnapp, actor de Stranger Things, disfruta del desierto de Ica junto a su madre",https://e.rpp-noticias.io/medium/2022/07/30/555555_1292321.jpg,https://rpp.pe/famosos/celebridades/noah-schnapp-actor-de-stranger-things-disfruta-del-desierto-de-ica-junto-a-su-madre-noticia-1421293,2022-07-29 17:17:07.566
"Real Madrid vs. Juventus: ¿A qué hora y 
dónde ver EN DIRECTO el amistoso por la Soccer Champions Tour 2022?",https://e.rpp-noticias.io/medium/2022/07/28/551755_1292004.jpg,https://rpp.pe/futbol/futbol-mundial/real-madrid-vs-juventus-como-cuando-y-donde-en-directo-canales-tv-horarios-partido-amistoso-por-soccer-champions-tour-noticia-1421157,2022-07-29 17:17:07.566
Real Madrid vs. Juventus EN VIVO: partidazo en el Rose Bowl por amistoso de la Soccer Champions Tour,https://e.rpp-noticias.io/medium/2022/07/29/045304_1292245.jpg,https://rpp.pe/futbol/futbol-mundial/real-madrid-vs-juventus-via-directv-en-vivo-ver-online-tv-y-en-directo-transmision-sky-en-california-por-amistoso-2022-de-soccer-champions-tour-noticia-1421261,2022-07-29 17:17:07.566
WhatsApp: Brasil busca retrasar nueva función hasta después de las elecciones presidenciales,https://e.rpp-noticias.io/medium/2022/07/30/225922_1292323.jpg,https://rpp.pe/tecnologia/whatsapp/whatsapp-fiscal-de-brasil-pide-retrasar-comunidades-noticia-1421295,2022-07-29 17:17:07.566
Ministerio Público atendió más de 4 mil denuncias por trata de personas en los últimos 5 años,https://e.rpp-noticias.io/medium/2022/07/30/114511_1292318.jpg,https://rpp.pe/peru/actualidad/ministerio-publico-atendio-mas-de-4-mil-denuncias-por-trata-de-personas-en-los-ultimos-5-anos-noticia-1421289,2022-07-29 17:17:07.566
Bustos vuelve a cambiar: Alianza Lima y el once que prepara para enfrentar a Sporting Cristal,https://e.rpp-noticias.io/medium/2022/07/30/portada_013101.jpg,https://rpp.pe/futbol/descentralizado/alianza-lima-vs-sporting-cristal-alineacion-confirmada-blanquiazules-por-liga-1-clausura-noticia-1421290,2022-07-29 17:17:07.566
"Molina critica al JNE tras ser excluido: “Más importante que mi derecho a ser elegido, es la firma del personero”",https://e.rpp-noticias.io/medium/2022/07/30/160516_1292306.jpg,https://rpp.pe/politica/elecciones/luis-molina-critica-al-jne-tras-ser-excluido-mas-importante-que-mi-derecho-a-ser-elegido-es-la-firma-del-personero-noticia-1421288,2022-07-29 17:17:07.566
"Robert Lewandowski acusó al Bayern Munich de mentir sobre su salida: ""Se dijeron tonterías sobre mí""",https://e.rpp-noticias.io/medium/2022/07/30/055005_1292304.jpg,https://rpp.pe/futbol/futbol-mundial/fc-barcelona-lewandowski-acuso-al-bayern-munich-se-dijeron-un-monton-de-tonterias-sobre-mi-noticia-1421287,2022-07-29 17:17:07.566
"Carlos Bonavides, el actor que dio vida a 'Huicho Domínguez', fue hospitalizado",https://e.rpp-noticias.io/medium/2022/07/28/400240_1291891.jpg,https://rpp.pe/famosos/celebridades/carlos-bonavides-quien-interpreto-a-huicho-dominguez-fue-hospitalizado-de-emergencia-noticia-1421116,2022-07-29 17:17:07.566
"Carlos Rúa: ""Los gobiernos regionales necesitamos que el Ejecutivo y el Congreso lleguen a consensos""",https://e.rpp-noticias.io/medium/2022/07/30/213521_1292291.jpg,https://rpp.pe/peru/actualidad/carlos-rua-los-gobiernos-regionales-necesitamos-que-el-ejecutivo-y-el-congreso-lleguen-a-consensos-noticia-1421284,2022-07-29 17:17:07.566
"""La Voz Senior"" vuelve a la pantalla chica el próximo mes de agosto",https://e.rpp-noticias.io/medium/2022/07/28/443644_1291868.jpg,https://rpp.pe/tv/peru/la-voz-senior-vuelve-a-la-pantalla-chica-el-proximo-mes-de-agosto-noticia-1421099,2022-07-29 17:17:07.566
Fiscalía española pide más de 8 años de cárcel para Shakira por fraude fiscal,https://e.rpp-noticias.io/medium/2022/07/29/154115_1292038.jpg,https://rpp.pe/famosos/celebridades/shakira-fiscalia-espanola-pide-mas-de-8-anos-de-carcel-para-la-cantante-por-fraude-fiscal-noticia-1421184,2022-07-29 17:17:07.566
Macarena Costa sobre la vacancia: “Pedro Castillo tiene ahora más votos para protegerse que cuando comenzó”,https://e.rpp-noticias.io/medium/2022/07/30/macarena3007-2022-07-30-08-46-58-25678-mp3cutnet-1292287mp3_1292288.png,https://rpp.pe/politica/gobierno/macarena-costa-sobre-la-vacancia-presidencial-pedro-castillo-tiene-ahora-mas-votos-para-protegerse-que-cuando-comenzo-noticia-1421286,2022-07-29 17:17:07.566
"Con gol de Joao Félix, Atlético de Madrid venció 1-0 a Manchester United en amistoso internacional",https://e.rpp-noticias.io/medium/2022/07/30/210221_1292283.jpg,https://rpp.pe/futbol/futbol-mundial/manchester-united-vs-atletico-de-madrid-en-vivo-amistoso-2022-dazn-directo-oslo-espana-noticia-1421212,2022-07-29 17:17:07.566
El efecto Ucrania: cronología de la guerra del gas entre Rusia y Europa,https://e.rpp-noticias.io/medium/2022/07/30/345434_1292281.jpg,https://rpp.pe/mundo/actualidad/ucrania-cronologia-de-la-guerra-del-gas-entre-rusia-y-europa-noticia-1421283,2022-07-29 17:17:07.566
Hospital del Niño mantiene en espera desde hace 4 meses el ingreso de una bebé que requiere operación urgente,https://e.rpp-noticias.io/medium/2022/07/30/074707_1292279.jpg,https://rpp.pe/rotafono/servicios-a-la-comunidad/hospital-del-nino-mantiene-en-espera-desde-hace-4-meses-el-ingreso-de-una-bebe-que-requiere-operacion-urgente-noticia-1421282,2022-07-29 17:17:07.566
"Partidos de hoy, sábado 30 de julio: horarios y canales TV para ver EN VIVO Community Shield, Liga 1, Liga MX y Amistosos",https://e.rpp-noticias.io/medium/2022/07/29/383038_1292195.jpg,https://rpp.pe/futbol/futbol-mundial/partidos-de-hoy-peru-sabado-30-de-julio-resultados-y-horarios-de-partidos-futbol-en-vivo-noticia-1421255,2022-07-29 17:17:07.566
Ate: dos hombres fueron asesinados a balazos por presuntos sicarios,https://e.rpp-noticias.io/medium/2022/07/30/551255_1292275.jpg,https://rpp.pe/lima/policiales-crimenes/ate-dos-hombres-fueron-asesinados-a-balazos-por-presuntos-sicarios-noticia-1421281,2022-07-29 17:17:07.566
El Papa Francisco afirma que una posible renuncia suya al pontificado,https://e.rpp-noticias.io/medium/2022/07/30/575157_1292273.jpg,https://rpp.pe/mundo/actualidad/el-papa-francisco-afirma-que-una-posible-renuncia-suya-al-pontificado-noticia-1421280,2022-07-29 17:17:07.566
¡Atención! Hoy y mañana habrá corte de luz en Lima: conoce los distritos y horarios,https://e.rpp-noticias.io/medium/2022/07/30/362536_1292272.jpg,https://rpp.pe/lima/actualidad/enel-informo-que-este-30-y-31-de-julio-habra-corte-de-luz-en-lima-noticia-1421279,2022-07-29 17:17:07.566
"Venezuela: Precio del dólar hoy, sábado 30 de julio de 2022, según DolarToday y Monitor Dólar",https://e.rpp-noticias.io/medium/2022/07/30/142114_1292271.jpg,https://rpp.pe/mundo/venezuela/dolartoday-precio-del-dolar-en-venezuela-hoy-30-de-julio-2022-monitor-dolar-usd-a-bolivares-venezolanos-dolar-cucuta-soles-a-bolivares-noticia-1421278,2022-07-29 17:17:07.566
Un sismo de magnitud 3.6 remeció la región Áncash esta madrugada,https://e.rpp-noticias.io/medium/2022/07/30/051505_1292270.jpg,https://rpp.pe/peru/ancash/ancash-un-sismo-de-magnitud-36-remecio-la-region-esta-madrugada-noticia-1421277,2022-07-29 17:17:07.566
EE.UU estudia declarar a Rusia como un Estado patrocinador del terrorismo,https://e.rpp-noticias.io/medium/2022/07/30/225022_1292259.jpg,https://rpp.pe/mundo/rusia/eeuu-estudia-declarar-a-rusia-como-un-estado-patrocinador-del-terrorismo-noticia-1421274,2022-07-29 17:17:07.566
Estados Unidos condena a cadena perpetua a un combatiente del Estado Islámico,https://e.rpp-noticias.io/medium/2022/07/30/453445_1292258.jpg,https://rpp.pe/mundo/estados-unidos/estados-unidos-condena-a-cadena-perpetua-a-un-combatiente-del-estado-islamico-noticia-1421271,2022-07-29 17:17:07.566
Nueva York declara el estado de emergencia al acumular 1 400 casos de viruela del mono,https://e.rpp-noticias.io/medium/2022/07/30/412541_1292256.jpg,https://rpp.pe/mundo/estados-unidos/viruela-del-mono-nueva-york-declara-el-estado-de-emergencia-al-acumular-1-400-casos-noticia-1421270,2022-07-29 17:17:07.566
Áncash: Rescatan a montañistas tras accidente en el nevado Huascarán,https://e.rpp-noticias.io/medium/2022/07/30/252725_1292257.jpg,https://rpp.pe/peru/ancash/ancash-rescatan-a-montanistas-tras-accidente-en-el-nevado-huascaran-noticia-1421272,2022-07-29 17:17:07.566
ONPE: No será obligatorio presentar carné de vacunación contra el nuevo coronavirus para votar,https://e.rpp-noticias.io/medium/2022/07/30/470647_1292255.jpg,https://rpp.pe/politica/elecciones/onpe-no-sera-obligatorio-presentar-carne-de-vacunacion-contra-coronavirus-para-votar-noticia-1421269,2022-07-29 17:17:07.566
"
Lescano: ""Al presidente le falta contestar las cosas""
",https://cde.canaln.pe/actualidad-lescano-al-presidente-le-falta-contestar-cosas-n449282-121x121-996657.jpg,https://canaln.pe/actualidad/lescano-al-presidente-le-falta-contestar-cosas-n449282,2022-07-29 19:14:00
"
Critican mensaje a la nación en materia económica
",https://cde.canaln.pe/actualidad-critican-mensaje-nacion-materia-economica-n449281-121x121-996656.jpg,https://canaln.pe/actualidad/critican-mensaje-nacion-materia-economica-n449281,2022-07-29 18:11:00
"
Las frases de Pedro Castillo a un año de gobierno
",https://cde.canaln.pe/actualidad-frases-pedro-castillo-ano-gobierno-n449280-121x121-996655.jpg,https://canaln.pe/actualidad/frases-pedro-castillo-ano-gobierno-n449280,2022-07-29 17:53:00
"
 España y Brasil confirman sus primeras muertes por viruela del mono
",https://cde.canaln.pe/actualidad-espana-y-brasil-confirman-sus-primeras-muertes-viruela-mono-n449279-121x121-996654.jpg,https://canaln.pe/actualidad/espana-y-brasil-confirman-sus-primeras-muertes-viruela-mono-n449279,2022-07-29 17:38:00
"
EE.UU: inundaciones devastadoras causan muertes en Kentucky
",https://cde.canaln.pe/internacionales-eeuu-inundaciones-devastadoras-causan-muertes-kentucky-n449278-121x121-996653.jpg,https://canaln.pe/internacionales/eeuu-inundaciones-devastadoras-causan-muertes-kentucky-n449278,2022-07-29 17:28:00
"
Castillo y sus cuatro gabinetes ministeriales en doce meses
",https://cde.canaln.pe/actualidad-castillo-y-sus-cuatro-gabinetes-ministeriales-doce-meses-n449277-121x121-996652.jpg,https://canaln.pe/actualidad/castillo-y-sus-cuatro-gabinetes-ministeriales-doce-meses-n449277,2022-07-29 17:21:00
"
 Plaza de Arma de Lima permanece cerrada
",https://cde.canaln.pe/actualidad-plaza-arma-lima-permanece-cerrada-n449276-121x121-996650.jpg,https://canaln.pe/actualidad/plaza-arma-lima-permanece-cerrada-n449276,2022-07-29 17:03:00
"
Freddy Díaz: ""Me someteré a las indagaciones""
",https://cde.canaln.pe/actualidad-freddy-diaz-me-sometere-indagaciones-n449275-121x121-996649.jpg,https://canaln.pe/actualidad/freddy-diaz-me-sometere-indagaciones-n449275,2022-07-29 16:54:00
"
Cipriani envió saludos por Fiestas Patrias
",https://cde.canaln.pe/actualidad-cipriani-envio-saludos-fiestas-patrias-n449274-121x121-996648.jpg,https://canaln.pe/actualidad/cipriani-envio-saludos-fiestas-patrias-n449274,2022-07-29 16:41:00
"
Excomandante PNP, Javier Gallardo, rechazó la declaración que habría dado Bruno Pacheco
",https://cde.canaln.pe/actualidad-rechazo-declaracion-que-habria-dado-brunos-pacheco-n449273-121x121-996647.jpg,https://canaln.pe/actualidad/rechazo-declaracion-que-habria-dado-brunos-pacheco-n449273,2022-07-29 16:28:00
